{
  "last_updated": "2026-01-28T02:27:19.285647+00:00",
  "total_samples": 55,
  "avg_confidence": 0.8118,
  "peak_confidence": 0.8803,
  "current_trend": "STABLE",
  "performance": {
    "total_signals": 45,
    "wins": 24,
    "win_rate": 53.3,
    "details": {
      "BUY": {
        "total": 0,
        "wins": 0
      },
      "SELL": {
        "total": 45,
        "wins": 24
      },
      "HOLD": {
        "total": 0,
        "wins": 0
      }
    }
  },
  "recent_history": [
    {
      "t": "2026-01-28T01:40:32.852707+00:00",
      "v": 83.4
    },
    {
      "t": "2026-01-28T01:42:13.211156+00:00",
      "v": 83.4
    },
    {
      "t": "2026-01-28T01:42:34.405876+00:00",
      "v": 83.4
    },
    {
      "t": "2026-01-28T01:44:16.071060+00:00",
      "v": 84.7
    },
    {
      "t": "2026-01-28T01:44:35.994525+00:00",
      "v": 84.7
    },
    {
      "t": "2026-01-28T01:46:18.873073+00:00",
      "v": 84.9
    },
    {
      "t": "2026-01-28T01:46:37.527133+00:00",
      "v": 81.0
    },
    {
      "t": "2026-01-28T01:48:21.483251+00:00",
      "v": 81.1
    },
    {
      "t": "2026-01-28T01:48:32.676405+00:00",
      "v": 81.1
    },
    {
      "t": "2026-01-28T01:48:39.118389+00:00",
      "v": 80.0
    },
    {
      "t": "2026-01-28T01:50:34.672224+00:00",
      "v": 79.7
    },
    {
      "t": "2026-01-28T01:50:40.758590+00:00",
      "v": 79.7
    },
    {
      "t": "2026-01-28T01:52:36.580777+00:00",
      "v": 79.7
    },
    {
      "t": "2026-01-28T01:52:42.387873+00:00",
      "v": 79.7
    },
    {
      "t": "2026-01-28T01:54:38.368143+00:00",
      "v": 81.0
    },
    {
      "t": "2026-01-28T01:54:43.955692+00:00",
      "v": 81.0
    },
    {
      "t": "2026-01-28T01:56:40.327986+00:00",
      "v": 87.2
    },
    {
      "t": "2026-01-28T01:56:47.428019+00:00",
      "v": 87.2
    },
    {
      "t": "2026-01-28T01:58:42.234468+00:00",
      "v": 88.0
    },
    {
      "t": "2026-01-28T01:58:49.002992+00:00",
      "v": 88.0
    },
    {
      "t": "2026-01-28T02:00:44.476482+00:00",
      "v": 81.3
    },
    {
      "t": "2026-01-28T02:00:51.197167+00:00",
      "v": 81.3
    },
    {
      "t": "2026-01-28T02:02:46.948517+00:00",
      "v": 78.0
    },
    {
      "t": "2026-01-28T02:02:53.104412+00:00",
      "v": 78.0
    },
    {
      "t": "2026-01-28T02:04:50.001363+00:00",
      "v": 83.3
    },
    {
      "t": "2026-01-28T02:04:54.883234+00:00",
      "v": 83.3
    },
    {
      "t": "2026-01-28T02:06:54.276222+00:00",
      "v": 78.1
    },
    {
      "t": "2026-01-28T02:06:57.378863+00:00",
      "v": 78.1
    },
    {
      "t": "2026-01-28T02:08:58.412969+00:00",
      "v": 83.3
    },
    {
      "t": "2026-01-28T02:08:59.258293+00:00",
      "v": 83.3
    },
    {
      "t": "2026-01-28T02:11:01.114730+00:00",
      "v": 83.3
    },
    {
      "t": "2026-01-28T02:11:01.827208+00:00",
      "v": 83.3
    },
    {
      "t": "2026-01-28T02:12:58.535251+00:00",
      "v": 83.3
    },
    {
      "t": "2026-01-28T02:13:03.222402+00:00",
      "v": 83.3
    },
    {
      "t": "2026-01-28T02:14:58.298785+00:00",
      "v": 84.0
    },
    {
      "t": "2026-01-28T02:15:04.980922+00:00",
      "v": 84.0
    },
    {
      "t": "2026-01-28T02:17:01.585304+00:00",
      "v": 75.4
    },
    {
      "t": "2026-01-28T02:17:06.637968+00:00",
      "v": 75.4
    },
    {
      "t": "2026-01-28T02:19:04.654609+00:00",
      "v": 79.9
    },
    {
      "t": "2026-01-28T02:19:08.588870+00:00",
      "v": 79.9
    },
    {
      "t": "2026-01-28T02:21:07.719252+00:00",
      "v": 75.4
    },
    {
      "t": "2026-01-28T02:21:10.545405+00:00",
      "v": 75.4
    },
    {
      "t": "2026-01-28T02:23:11.061791+00:00",
      "v": 75.3
    },
    {
      "t": "2026-01-28T02:23:12.508804+00:00",
      "v": 75.3
    },
    {
      "t": "2026-01-28T02:25:14.073166+00:00",
      "v": 75.2
    },
    {
      "t": "2026-01-28T02:25:14.386402+00:00",
      "v": 75.2
    },
    {
      "t": "2026-01-28T02:27:17.029894+00:00",
      "v": 75.4
    },
    {
      "t": "2026-01-28T02:27:18.367877+00:00",
      "v": 75.4
    }
  ]
}