{
  "last_updated": "2026-02-03T14:05:56.513939+00:00",
  "total_samples": 925,
  "avg_confidence": 0.7398,
  "peak_confidence": 1,
  "current_trend": "STABLE",
  "performance": {
    "total_signals": 915,
    "wins": 353,
    "win_rate": 38.6,
    "details": {
      "BUY": {
        "total": 226,
        "wins": 72
      },
      "SELL": {
        "total": 539,
        "wins": 263
      },
      "HOLD": {
        "total": 150,
        "wins": 18
      }
    }
  },
  "recent_history": [
    {
      "t": "2026-02-03T09:27:05.291377+00:00",
      "v": 40.0
    },
    {
      "t": "2026-02-03T09:29:06.978794+00:00",
      "v": 60.0
    },
    {
      "t": "2026-02-03T09:31:08.571014+00:00",
      "v": 40.0
    },
    {
      "t": "2026-02-03T09:33:10.102971+00:00",
      "v": 7.0
    },
    {
      "t": "2026-02-03T09:35:11.651254+00:00",
      "v": 12.0
    },
    {
      "t": "2026-02-03T09:37:13.529747+00:00",
      "v": 19.0
    },
    {
      "t": "2026-02-03T09:39:15.200396+00:00",
      "v": 23.0
    },
    {
      "t": "2026-02-03T09:41:16.849666+00:00",
      "v": 9.0
    },
    {
      "t": "2026-02-03T09:43:18.857949+00:00",
      "v": 17.0
    },
    {
      "t": "2026-02-03T09:45:20.415535+00:00",
      "v": 4.0
    },
    {
      "t": "2026-02-03T09:47:21.952101+00:00",
      "v": 34.0
    },
    {
      "t": "2026-02-03T09:49:23.389379+00:00",
      "v": 34.0
    },
    {
      "t": "2026-02-03T09:51:24.96988+00:00",
      "v": 33.0
    },
    {
      "t": "2026-02-03T09:53:26.71239+00:00",
      "v": 34.0
    },
    {
      "t": "2026-02-03T09:55:23.793462+00:00",
      "v": 34.0
    },
    {
      "t": "2026-02-03T09:55:28.416147+00:00",
      "v": 38.0
    },
    {
      "t": "2026-02-03T10:54:05.849097+00:00",
      "v": 64.0
    },
    {
      "t": "2026-02-03T13:34:17.487765+00:00",
      "v": 65.0
    },
    {
      "t": "2026-02-03T13:36:23.603491+00:00",
      "v": 65.0
    },
    {
      "t": "2026-02-03T13:38:27.286354+00:00",
      "v": 65.0
    },
    {
      "t": "2026-02-03T13:40:31.435969+00:00",
      "v": 65.0
    },
    {
      "t": "2026-02-03T13:42:35.696355+00:00",
      "v": 64.0
    },
    {
      "t": "2026-02-03T13:44:40.287586+00:00",
      "v": 65.0
    },
    {
      "t": "2026-02-03T13:46:43.502835+00:00",
      "v": 47.0
    },
    {
      "t": "2026-02-03T13:48:46.532018+00:00",
      "v": 47.0
    },
    {
      "t": "2026-02-03T13:50:49.619629+00:00",
      "v": 47.0
    },
    {
      "t": "2026-02-03T13:51:32.599063+00:00",
      "v": 47.0
    },
    {
      "t": "2026-02-03T13:52:52.770602+00:00",
      "v": 47.0
    },
    {
      "t": "2026-02-03T13:53:35.57469+00:00",
      "v": 47.0
    },
    {
      "t": "2026-02-03T13:54:57.580181+00:00",
      "v": 47.0
    },
    {
      "t": "2026-02-03T13:55:25.400147+00:00",
      "v": 47.0
    },
    {
      "t": "2026-02-03T13:55:38.832393+00:00",
      "v": 47.0
    },
    {
      "t": "2026-02-03T13:55:57.40393+00:00",
      "v": 47.0
    },
    {
      "t": "2026-02-03T13:57:00.831447+00:00",
      "v": 47.0
    },
    {
      "t": "2026-02-03T13:57:41.858022+00:00",
      "v": 47.0
    },
    {
      "t": "2026-02-03T13:57:59.389755+00:00",
      "v": 47.0
    },
    {
      "t": "2026-02-03T13:59:04.150386+00:00",
      "v": 47.0
    },
    {
      "t": "2026-02-03T13:59:45.440282+00:00",
      "v": 47.0
    },
    {
      "t": "2026-02-03T14:00:02.831206+00:00",
      "v": 47.0
    },
    {
      "t": "2026-02-03T14:01:08.367751+00:00",
      "v": 47.0
    },
    {
      "t": "2026-02-03T14:01:49.018758+00:00",
      "v": 55.0
    },
    {
      "t": "2026-02-03T14:02:04.883062+00:00",
      "v": 55.0
    },
    {
      "t": "2026-02-03T14:03:11.189566+00:00",
      "v": 55.0
    },
    {
      "t": "2026-02-03T14:03:51.682525+00:00",
      "v": 55.0
    },
    {
      "t": "2026-02-03T14:04:07.333571+00:00",
      "v": 55.0
    },
    {
      "t": "2026-02-03T14:04:15.626227+00:00",
      "v": 55.0
    },
    {
      "t": "2026-02-03T14:05:16.864923+00:00",
      "v": 55.0
    },
    {
      "t": "2026-02-03T14:05:54.461985+00:00",
      "v": 55.0
    }
  ]
}