{
  "last_updated": "2026-01-27T12:00:54.369067+00:00",
  "total_samples": 114,
  "avg_confidence": 0.2461,
  "peak_confidence": 0.5138,
  "current_trend": "RISING",
  "performance": {
    "total_signals": 104,
    "wins": 44,
    "win_rate": 42.3,
    "details": {
      "BUY": {
        "total": 49,
        "wins": 36
      },
      "SELL": {
        "total": 0,
        "wins": 0
      },
      "HOLD": {
        "total": 55,
        "wins": 8
      }
    }
  },
  "recent_history": [
    {
      "t": "2026-01-27T11:13:38.360852+00:00",
      "v": 24.7
    },
    {
      "t": "2026-01-27T11:15:41.105974+00:00",
      "v": 24.7
    },
    {
      "t": "2026-01-27T11:17:42.890476+00:00",
      "v": 30.9
    },
    {
      "t": "2026-01-27T11:19:44.876437+00:00",
      "v": 30.8
    },
    {
      "t": "2026-01-27T11:21:47.692061+00:00",
      "v": 30.8
    },
    {
      "t": "2026-01-27T11:23:49.449421+00:00",
      "v": 30.4
    },
    {
      "t": "2026-01-27T11:25:51.333539+00:00",
      "v": 30.6
    },
    {
      "t": "2026-01-27T11:27:52.793435+00:00",
      "v": 30.7
    },
    {
      "t": "2026-01-27T11:29:54.265650+00:00",
      "v": 30.5
    },
    {
      "t": "2026-01-27T11:31:56.440052+00:00",
      "v": 23.6
    },
    {
      "t": "2026-01-27T11:33:57.888605+00:00",
      "v": 23.2
    },
    {
      "t": "2026-01-27T11:35:59.631000+00:00",
      "v": 23.6
    },
    {
      "t": "2026-01-27T11:38:01.160650+00:00",
      "v": 23.3
    },
    {
      "t": "2026-01-27T11:40:02.899019+00:00",
      "v": 11.1
    },
    {
      "t": "2026-01-27T11:42:07.691840+00:00",
      "v": 11.1
    },
    {
      "t": "2026-01-27T11:44:09.478872+00:00",
      "v": 12.4
    },
    {
      "t": "2026-01-27T11:46:11.279942+00:00",
      "v": 12.4
    },
    {
      "t": "2026-01-27T11:48:13.564640+00:00",
      "v": 8.6
    },
    {
      "t": "2026-01-27T11:50:16.063053+00:00",
      "v": 8.6
    },
    {
      "t": "2026-01-27T11:52:17.816858+00:00",
      "v": 8.6
    },
    {
      "t": "2026-01-27T11:54:19.802419+00:00",
      "v": 20.5
    },
    {
      "t": "2026-01-27T11:56:21.712383+00:00",
      "v": 17.3
    },
    {
      "t": "2026-01-27T11:58:23.654799+00:00",
      "v": 25.5
    },
    {
      "t": "2026-01-27T12:00:28.823125+00:00",
      "v": 25.5
    }
  ]
}